"","Latitude","Longitude","OOBGK_pred","OOBGK_lower","OOBGK_upper","OOBW_pred","OOBW_lower","OOBW_upper","LSCP_pred","LSCP_lower","LSCP_upper"
"22788",-50.5575,139.4489,5.88911683130695,5.44401204856766,6.46215009273184,5.91536,5.44196326086956,6.62604468468468,5.91536,5.26994010889037,6.55712250155156
"22789",-28.6278,-177.281,5.83654127628491,5.39143649354562,6.40332829204008,5.73003999999999,5.30793682539682,6.64355084812622,5.73003999999999,5.24976872460422,6.2098989345474
"22790",44.8069,129.9406,6.09345809381882,5.54216713469431,6.99129613006909,6.13225666666665,5.51101517006801,7.48852518518517,6.13225666666665,5.42101002264114,6.84049139089667
"22791",24.8036,93.6505,5.85049810294617,5.39290082886744,6.44851634704993,5.72967333333333,5.26637436426116,6.64318418145956,5.72967333333333,5.00628762063987,6.44486866838985
"22792",30.6132,132.7337,5.87933782138256,5.43423303864327,6.49609480249548,5.85102733333333,5.41412373856208,6.92137629166666,5.85102733333333,5.14957778332039,6.54625556488484
"22793",-54.2906,-136.2603,5.98739028717146,5.54228550443217,6.65411723364213,6.05255333333333,5.55717668549906,7.12290229166666,6.05255333333333,5.58125306784606,6.52208236456009
"22794",22.0669,143.6108,6.02134254918579,5.49503657274015,6.84422563739943,6.18561666666665,5.69058247863246,7.16628498349833,6.18561666666665,5.49121257068012,6.84156887347602
"22795",-30.664,-71.6383,6.00232362262175,5.53223385720359,6.71902053445017,5.88658666666666,5.41318992753622,6.6705274766355,5.88658666666666,5.26731492296997,6.49584337058616
"22796",-57.6576,-147.9486,5.95906973554592,5.5014724614672,6.51336425996165,5.882508,5.31585935135135,6.86996789304813,5.882508,5.40692914256068,6.35418703858412
"22797",3.8965,126.8621,5.9036693034827,5.45231827507369,6.5141800389259,5.87923666666667,5.42997196078432,6.83204731755424,5.87923666666667,5.17946629534015,6.57759766789837
"22798",44.4761,141.0867,6.05799310798906,5.53168713154343,6.92459991589074,6.43577666666666,5.79090487179486,7.86292720430107,6.43577666666666,5.72965034695647,7.13712261401122
"22799",-31.3385,58.1916,6.04633441957731,5.60122963683802,6.73180010305714,6.12968999999999,5.63431335216572,7.20003895833333,6.12968999999999,5.56683980894178,6.68730225314309
"22800",36.5979,70.9503,6.01158688071204,5.49152714993612,6.82197747758624,5.95210999999998,5.33086850340134,7.3083785185185,5.95210999999998,5.1995619131368,6.67308317774592
"22801",-15.1703,-174.875,5.99016892824909,5.47010919747317,6.79431327945357,5.89305999999999,5.27181850340135,6.97935629629629,5.89305999999999,5.40376854712857,6.36368073013797
"22802",-19.7597,-63.3288,6.05856962953207,5.50727867040756,6.9439151744429,6.12693999999998,5.48206820512818,7.4832085185185,6.12693999999998,5.47653596149448,6.75598414643368
"22803",41.9723,142.781,5.83032518725289,5.37897415884388,6.42209718568694,5.77184999999999,5.32655175438595,6.66859818840578,5.77184999999999,5.06594576767372,6.47377349517965
"22804",-15.6408,-177.1557,5.81839702134128,5.37953848427171,6.29773659772039,5.74701666666665,5.3104288954635,6.48266729055257,5.74701666666665,5.25882226048745,6.21820201983206
"22805",-53.2602,159.7523,5.86148735649406,5.42262881942449,6.44076686358866,5.8463,5.40239803921568,6.58195062388592,5.8463,5.20327437571602,6.49325174682665
"22806",9.6862,126.3095,5.8033127857847,5.35196175737569,6.37009980153987,5.75038999999999,5.32828682539681,6.60808461077843,5.75038999999999,5.0464165568462,6.44344591887167
"22807",-3.8727,127.2292,5.83971076690284,5.39460598416355,6.43148276533688,5.747354,5.3194512972973,6.81770295833333,5.747354,5.05435105254301,6.40485633977111
"22808",-21.4088,176.1244,5.8812358155902,5.44237727852063,6.46676156835453,5.80732466666667,5.36342270588236,6.70407285507247,5.80732466666667,5.1561108819088,6.45679673894413
"22809",22.8626,121.3206,5.89323306724053,5.4356357931618,6.50374380268373,5.84711999999999,5.35174335216572,6.70481461077843,5.84711999999999,5.14627766109647,6.55685055702498
"22810",37.6709,101.6409,5.98998327079314,5.54487848805385,6.63797148025465,6.10061666666667,5.66371307189543,6.86933617886179,6.10061666666667,5.39262038498394,6.80067443050021
"22811",-30.8839,-178.5829,5.99959317779312,5.47953344701721,6.82872251167648,5.93800999999999,5.30202162790697,7.18110259259258,5.93800999999999,5.45739407947684,6.41841364941351
"22812",18.8239,-106.9337,5.97401178570525,5.50392202028708,6.6344924865062,5.87319999999999,5.42929803921567,6.63147927927927,5.87319999999999,5.2550326743782,6.47318190534968
"22813",-13.7207,172.06,5.83258863115849,5.38123760274948,6.41811438392281,5.78490333333333,5.35700063063062,6.69841418145956,5.78490333333333,5.1386100221213,6.43931996678272
"22814",59.6363,-153.4051,6.02491214729172,5.53608364486439,6.82281025282648,6.07033333333332,5.5651310211946,7.28211235955055,6.07033333333332,5.4452690591705,6.64996159626559
"22815",-19.5324,-173.3833,5.99887250357073,5.53502898382229,6.71556941539916,5.95494333333333,5.50994333333333,6.85169152173912,5.95494333333333,5.46680845040816,6.42615811941968
"22816",35.6493,-3.6818,6.03025669123911,5.5789056628301,6.73446111172809,6.05580999999999,5.60654529411764,6.95255818840579,6.05580999999999,5.4887746827879,6.57427254334418
"22817",3.2058,128.392,6.05484251804328,5.58475275262512,6.82150939522945,6.07924333333332,5.58386668549904,7.03205398422089,6.07924333333332,5.37899778549043,6.777015942527
"22818",-5.2952,153.2454,5.86614276453311,5.4147917361241,6.47665349997631,5.79359666666666,5.34969470588234,6.6512912774451,5.79359666666666,5.15646459333577,6.45067855032227
"22819",-5.3105,153.2532,5.83828850133919,5.38693747293018,6.44255299111267,5.75094999999999,5.27262647058823,6.6385158119658,5.75094999999999,5.11366315521069,6.40787719017977
"22820",1.0248,-28.1447,5.87067700886187,5.4318184717923,6.43121777894732,5.81235333333333,5.36845137254902,6.54800395721925,5.81235333333333,5.310803581818,6.30173316954706
"22821",53.9776,158.5463,5.97141197229083,5.45759848718463,6.75681758648616,5.97339999999999,5.32852820512819,6.94669768270943,5.97339999999999,5.3220256046436,6.59898115690034
"22822",-3.1401,146.9814,5.93271561937826,5.48136459096925,6.46202516111512,5.98372333333333,5.5384250877193,6.71937395721925,5.98372333333333,5.33961403474639,6.64048415637077
"22823",-2.8659,147.1385,5.88266684302027,5.43756206028098,6.46194635011488,5.91336,5.45006103092783,6.62404468468468,5.91336,5.26911527779405,6.57004553891951
"22824",-63.263,169.1485,5.96602391437196,5.52091913163267,6.60151963249404,6.08462,5.64771640522876,6.85333951219512,6.08462,5.43805895726929,6.73130682141177
"22825",-30.7539,-179.9504,5.95727802902996,5.44971078959348,6.73643739755557,5.93394999999999,5.37897008032127,6.90724768270943,5.93394999999999,5.45280428981576,6.41325901822381
"22826",25.5745,123.4476,5.98269196344408,5.46887847833789,6.78683631464857,5.92007999999999,5.36296530465949,6.89337768270944,5.92007999999999,5.21406123132116,6.62298924412338
"22827",22.9375,120.6014,5.95310105647158,5.49550378239285,6.61358175727253,5.92775333333333,5.4543565942029,6.6034503030303,5.92775333333333,5.22426785264219,6.63451230503879
"22828",-16.9899,174.9389,5.98664448756871,5.52280096782027,6.65337143403938,5.94787666666667,5.49400383429673,6.62357363636364,5.94787666666667,5.29749848816151,6.59818580866187
"22829",-15.2216,-173.3951,5.91034921393323,5.44650569418478,6.5458449320553,5.90071999999999,5.40534335216572,6.66405333333332,5.90071999999999,5.4119897284481,6.3721228461891
"22830",-6.6207,154.7421,5.92578815910714,5.46194463935869,6.57377636856865,5.93753333333333,5.46413659420289,6.78790265151514,5.93753333333333,5.29810561981159,6.59172970288274
"22831",-30.5723,-71.5838,5.95585663380202,5.4982593597233,6.64132231728185,5.90698666666667,5.34033801801802,6.79455247863248,5.90698666666667,5.28783852100005,6.5163496953689
"22832",-9.6338,119.4013,5.98505522735311,5.52745795327439,6.64553592815406,5.99794666666666,5.50257001883239,6.76666617886178,5.99794666666666,5.29940836797527,6.69620292208704
"22833",-43.4798,172.7715,5.8777193994489,5.43886086237933,6.46949139788294,5.86488333333333,5.42098137254902,6.60055,5.86488333333333,5.21769803030811,6.51110865786653
"22834",30.2966,138.8823,5.94918521815763,5.43537173305143,6.74083707802268,5.91538999999999,5.29414850340135,6.88868768270943,5.91538999999999,5.2135800062253,6.61020849720427
"22835",-20.9981,-175.4788,5.88134007938295,5.44248154231338,6.46061958647755,5.81109,5.36718803921569,6.55547383838384,5.81109,5.32271201216242,6.28189428711814
"22836",-49.0481,164.4987,5.88411636098828,5.44525782391871,6.46339586808288,5.81407333333333,5.37017137254902,6.58279284552846,5.81407333333333,5.16967451590684,6.46305368597862
"22837",-16.4442,-73.6045,5.87674089703592,5.4191436229572,6.51848286082772,5.85645666666666,5.36108001883239,6.71415127744511,5.85645666666666,5.20416760378382,6.47118037280666
"22838",-55.7841,-125.1659,5.88972848383358,5.44462370109429,6.50023921927678,5.86887000000001,5.39547326086957,6.7656181884058,5.86887000000001,5.39739644673656,6.33628103337206
"22839",0.8597,129.0605,5.98308579917315,5.53798101643386,6.6435664999741,6.11360000000001,5.6696980392157,6.88231951219513,6.11360000000001,5.41727382339095,6.8152183174242
"22840",-56.2549,-27.5661,5.93469802895172,5.45211577219412,6.63890244944071,5.87231333333333,5.37727914529914,6.64103284552845,5.87231333333333,5.23687587173222,6.48163588053822
"22841",-21.9559,-179.4072,6.09956415041227,5.54827319128776,6.99740218666253,6.25784666666666,5.63660517006802,7.61411518518517,6.25784666666666,5.77536906087176,6.73491467308862
"22842",4.6999,-32.6275,5.99215290847014,5.49083191470338,6.78380476833518,5.99148133333332,5.42467645528454,6.77542214330217,5.99148133333332,5.49129663319481,6.48193837529488
"22843",24.5533,142.4073,6.07704651569964,5.56947927626316,6.89368335824356,6.02627,5.55287326086957,7.00693831683168,6.02627,5.32810699328694,6.72474356690956
"22844",-30.4242,-72.2967,5.89273343415755,5.44762865141826,6.49075167826131,5.91536333333334,5.4419665942029,6.86817398422091,5.91536333333334,5.26459415759019,6.54424804795638
"22845",-63.0433,145.002,5.9445197401021,5.49941495736281,6.54878422987558,5.94269,5.4359920344288,6.62220282051282,5.94269,5.31010115591565,6.5575233691643
"22846",-62.2092,155.2569,5.95609102901537,5.49224750926692,6.55410927311913,5.93066,5.4239620344288,6.64134468468469,5.93066,5.28353198180947,6.57677934794501
"22847",-51.7897,139.5956,5.99398895326113,5.53014543351268,6.68570088241067,5.99769666666666,5.55269666666666,6.97836498349835,5.99769666666666,5.35197263614061,6.63915827151855
"22848",5.2757,125.3322,6.04439588119985,5.51808990475421,6.86103272374377,6.12225999999999,5.56728008032128,7.09555768270944,6.12225999999999,5.42083100957176,6.81845742215254
"22849",-32.9373,-178.3856,5.99054960553077,5.53919857712176,6.68226153468031,6.05703999999999,5.56166335216572,7.03770831683168,6.05703999999999,5.57003328265693,6.53087651073975
"22850",-4.9521,94.3299,5.95928839489412,5.50169112081539,6.64475407837395,5.92037666666667,5.44697992753624,6.59988948717949,5.92037666666667,5.19038993922027,6.64951630123543
"22851",-4.794,94.4101,5.90057753992355,5.45547275718426,6.49234953835759,5.86341666666666,5.41951470588235,6.59906729055258,5.86341666666666,5.13356162747231,6.59268230678459
"22852",-9.7645,125.316,5.61859842396836,5.40460473100867,5.85433441922843,5.58450333333333,5.31531285714285,5.94209105263157,5.58450333333333,4.88662287893479,6.28347640352999
"22853",-3.3298,148.8245,5.88048173949378,5.43537695675449,6.5284699489553,5.89245333333332,5.46051784946235,6.74614443280976,5.89245333333332,5.24850552880867,6.54950603346249
"22854",-3.0988,148.8388,5.88048173949362,5.43537695675433,6.52846994895513,5.89245333333332,5.46051784946235,6.74614443280976,5.89245333333332,5.24845086463218,6.5494828303153
"22855",-32.9625,-178.2218,5.6140467150457,5.40005302208601,5.84978271030576,5.59895999999998,5.36399267973854,5.95654771929822,5.59895999999998,5.11181139428353,6.07267686143418
"22856",-15.1081,-173.4281,5.91173908158158,5.45414180750285,6.55972729104309,5.90551333333333,5.47357784946236,6.76320794411177,5.90551333333333,5.41690497542801,6.37697587012232
"22857",51.4497,-173.9725,5.99744702187367,5.54609599346466,6.6516814770049,5.99727333333332,5.55337137254901,6.9500839842209,5.99727333333332,5.17908678613143,6.61857242536155
"22858",51.5648,-173.9423,6.02615103797053,5.5685537638918,6.71786296712007,6.01549666666665,5.54743383944152,6.77377594594593,6.01549666666665,5.19737001338263,6.63685565285378
"22859",29.8888,128.9567,5.96530100402891,5.44524127325299,6.7694453552334,5.92898333333331,5.28411153846152,6.90228101604276,5.92898333333331,5.22247477043235,6.63037403791456
"22860",-56.4283,-27.0089,5.88283616229628,5.41274639687811,6.53707061742751,5.84147333333332,5.36685717171716,6.72903914529913,5.84147333333332,5.20611123811316,6.45104925945651
"22861",-52.6136,18.7984,5.88858833089165,5.44348354815236,6.50534531200457,5.86365333333332,5.42674973856208,6.63237284552844,5.86365333333332,4.96689363509416,6.59778460826342
"22862",4.725,125.1481,5.86939952065549,5.4242947379162,6.46117151908953,5.80742666666666,5.37052307189542,6.54307729055258,5.80742666666666,5.10707493147284,6.50483321240822
"22863",-4.5473,153.0955,5.81201175845553,5.3544144843768,6.41003000255929,5.71390999999999,5.27000803921568,6.57160461077843,5.71390999999999,5.08233724739014,6.37654855075498
"22864",-12.5112,166.6214,5.85914974759387,5.39530622784542,6.50713795705538,5.79843999999999,5.35453803921568,6.6860058119658,5.79843999999999,5.18082094022094,6.47482271236767
"22865",38.0233,72.4114,5.89642274783826,5.44507171942926,6.5194259746209,5.86521999999999,5.42131803921568,6.53183646586345,5.86521999999999,5.10829557187289,6.58444196939614
"22866",49.673,-129.8485,5.87504641839944,5.42994163566015,6.47931090817292,5.91374333333333,5.45044436426117,6.58035979919679,5.91374333333333,5.20965595876906,6.59068280339159
"22867",51.5145,-174.1423,6.00927623991476,5.53294022882688,6.72597315174318,6.08223333333332,5.51542845528454,6.93260265151514,6.08223333333332,5.26374801226878,6.70323363692204
"22868",-5.5662,129.4922,6.00101892794432,5.48720544283812,6.81765577048824,5.86438999999998,5.21951820512819,6.83768768270943,5.86438999999998,5.17600955554989,6.52653207986475
"22869",11.8676,-88.7677,5.93311086858337,5.48800608584408,6.55611409536601,5.88079999999999,5.39392074829931,6.61645062388591,5.88079999999999,5.26265160945564,6.47452742397027
"22870",17.996,-60.7019,5.91514362114333,5.4575463470646,6.55688558493512,5.87500999999999,5.41171103092782,6.73270461077843,5.87500999999999,5.32695314589474,6.39649140704384
"22871",54.294,162.8129,5.86446790537647,5.40687063129774,6.50620986916826,5.85542999999999,5.43332682539681,6.80824065088756,5.85542999999999,5.20339212628803,6.4804309280256
"22872",27.7676,66.0962,5.95391163397107,5.47757562288319,6.55817612374455,5.79537333333332,5.28867536776212,6.5536526126126,5.79537333333332,5.03469789565957,6.52836127675537
"22873",-2.6503,68.0253,5.91369950718812,5.46859472444883,6.52421024263132,5.85294666666665,5.40904470588234,6.58859729055257,5.85294666666665,5.09074783686212,6.58453464986689
"22874",52.175,-168.6554,5.92071222783518,5.46936119942617,6.55620794595726,5.83459999999999,5.36120326086956,6.78741065088757,5.83459999999999,5.0210291983127,6.46051543713506
"22875",30.2073,-114.3078,5.95343543807755,5.50208440966854,6.57643866486019,5.92376999999999,5.47986803921568,6.65942062388591,5.92376999999999,5.24512787414193,6.54781517319264
"22876",52.29,-168.6929,6.04410873463854,5.58026521489009,6.76080564646696,6.19934333333334,5.75007862745098,7.15215398422091,6.19934333333334,5.38592870687103,6.82541493492398
"22877",-56.2536,-27.6408,5.88591131083022,5.45329901943037,6.51516078328257,5.84597666666666,5.41922181657848,6.80913174688057,5.84597666666666,5.21057251787026,6.45559843985295
"22878",2.3874,126.1019,5.94358464409755,5.47974112434911,6.64778906458653,5.95651666666665,5.46114001883238,6.90932731755423,5.95651666666665,5.25959465090063,6.65892169700474
"22879",33.3807,136.3901,6.04226815768784,5.55343965526051,6.85890500023176,6.13635666666666,5.63023054054053,7.09951174688056,6.13635666666666,5.43344310032215,6.83021974758837
"22880",-3.3585,144.887,5.99666822872577,5.51408597196817,6.79456633426053,5.91556066666666,5.50338717738791,6.89622898349834,5.91556066666666,5.2788963905497,6.57431079910795
"22881",57.008,-157.9321,6.12439785682699,5.65430809140882,6.84734101432513,6.08689066666666,5.61161744262294,6.98363885507245,6.08689066666666,5.50935719085917,6.6032473623473
"22882",-14.3235,166.8551,6.05464297619971,5.55956822810267,6.91500353843167,6.10287333333332,5.58305955307261,7.06602841354723,6.10287333333332,5.48674991299176,6.7810682767894
"22883",4.2073,126.6515,6.03569012774984,5.53436913398308,6.90229693565152,6.04465999999999,5.52484621973928,7.13095629629628,6.04465999999999,5.34433248870488,6.7423425345545
"22884",-14.1516,166.7012,6.00166376434929,5.50658901625225,6.83703934390237,6.06715,5.54733621973929,7.27892902621722,6.06715,5.44724795702302,6.74152012535696
"22885",-14.0683,166.6245,6.03062948762975,5.54180098520242,6.87225131285254,6.17041666666666,5.66429054054054,7.13357174688057,6.17041666666666,5.54923743916049,6.84348652943129
"22886",-14.2026,166.6391,6.04853896934255,5.54721797557579,6.89640704023507,6.13141666666667,5.61160288640596,7.3431956928839,6.13141666666667,5.5115948010619,6.80587079511194
"22887",-8.2036,107.3857,6.04707381948898,5.55199907139194,6.90118813605122,6.23093666666666,5.72481054054053,7.19409174688056,6.23093666666666,5.51065731635832,6.94907631626289
"22888",-6.0292,130.4296,6.04417250898367,5.52411277820775,6.90453307121562,6.02980999999999,5.47483008032127,7.24158902621721,6.02980999999999,5.34362455654519,6.69416186929128
"22889",-13.9805,166.5943,6.03752881072263,5.54245406262559,6.87290439027571,6.26963,5.7498162197393,7.23278508021391,6.26963,5.64772781054846,6.94195907585396
"22890",-4.1489,102.211,6.02442774631996,5.5231067525532,6.87854206288219,5.97293666666665,5.45312288640595,7.18471569288388,5.97293666666665,5.26372833335145,6.70214841014864
"22891",16.0557,-96.2563,6.09009405659148,5.59501930849444,6.95045461882343,6.11923666666666,5.59942288640595,7.08239174688056,6.11923666666666,5.49472320955554,6.73605384561947
"22892",36.4725,71.1311,6.07571238995177,5.52442143082726,6.96730418053232,6.06942666666665,5.44818517006801,7.28120569288388,6.06942666666665,5.31662596500921,6.79014763620452
"22893",51.1243,179.5394,6.09074123073757,5.59566648264053,6.94485554729981,6.11033999999999,5.59052621973928,7.07349508021389,6.11033999999999,5.5323609493279,6.68470531004708
"22894",51.8545,176.6748,6.02220793288324,5.5271331847862,6.87007600377576,5.98205333333333,5.46223955307262,6.94520841354723,5.98205333333333,5.33265551442769,6.60990444267974
"22895",-3.7568,-103.9367,6.05464905739622,5.57206680063861,6.77759221489436,6.16722333333332,5.76138539594842,7.06397152173912,6.16722333333332,5.57189060013367,6.71327385243262
"22896",-55.2497,146.1742,6.04675039526863,5.56416813851102,6.76969355276677,6.04903999999999,5.64413416195856,7.0121950802139,6.04903999999999,5.40286352401416,6.68469195964362
"22897",23.0944,94.8654,6.00590793991084,5.4796019634652,6.85377601080335,5.88978999999998,5.33481008032127,6.97608629629628,5.88978999999998,5.16657019649107,6.60521946330384
"22898",7.7917,122.0231,6.04117469435531,5.54609994625827,6.87030402823867,6.13032333333333,5.61050955307262,7.21661962962962,6.13032333333333,5.42956712299957,6.82665575727503
"22899",53.77,160.8036,5.98633757966205,5.49126283156501,6.82171315921513,6.20238666666667,5.68257288640596,7.16554174688057,6.20238666666667,5.49091204007114,6.84725427262877
"22900",-14.4907,166.5026,6.01313032923384,5.53679431814595,6.8110284347686,6.0052,5.59921340996168,6.95801065088757,6.0052,5.38542159202879,6.67974083186845
"22901",32.788,130.7042,6.01477644533428,5.53844043424639,6.81267455086904,6.02127333333334,5.61528674329502,6.91802152173913,6.02127333333334,5.31437726749796,6.72215134063441
"22902",32.6973,130.7204,6.01246852543529,5.52988626867768,6.81036663097005,5.97461333333333,5.56862674329501,6.9274239842209,5.97461333333333,5.26760418498102,6.67537952501261
"22903",-14.5284,166.4334,6.08100919419978,5.56094946342386,6.93512351076201,6.23975666666666,5.78176592592592,7.22042498349835,6.23975666666666,5.6188087580868,6.91312917112278
"22904",-7.459,128.1235,6.03423066250167,5.51417093172576,6.88834497906391,6.09647999999998,5.54150008032126,7.30825902621721,6.09647999999998,5.40517446694352,6.75568169244379
"22905",2.0125,127.0004,5.77956694750132,5.32821591909232,6.47127887665087,5.64478933333332,5.18679859259258,6.70880329493891,5.64478933333332,4.94796935598528,6.34746093810063
"22906",13.4008,-92.367,6.04657878769543,5.55775028526811,6.88820061291823,6.17308333333333,5.65326955307262,7.13623841354723,6.17308333333333,5.55098294737785,6.79316236281333
"22907",32.7906,130.7543,6.03605237660422,5.55347011984662,6.84019672780871,6.09182000000001,5.67421858906526,6.9885681884058,6.09182000000001,5.38486328625456,6.79263630046442
"22908",32.9241,130.8091,6.03605237660423,5.55347011984663,6.84019672780872,6.09182000000001,5.67421858906526,6.9885681884058,6.09182000000001,5.38493104645924,6.79270084980327
"22909",33.0051,131.1569,6.04434171477904,5.549266966682,6.81725483763493,6.11772333333333,5.6115972072072,7.08087841354723,6.11772333333333,5.41041987774457,6.81818173899072
"22910",-29.5755,-111.5741,5.87262875012719,5.44001645872734,6.52686320525843,5.84752799999999,5.44690366137565,6.60378454450261,5.84752799999999,5.3396372992675,6.35380439968347
"22911",0.3819,-79.9218,6.0309632945474,5.54213479212008,6.86633887410048,6.13766333333333,5.66426659420289,7.10081841354723,6.13766333333333,5.52610422301284,6.73782373159106
"22912",-0.2648,-80.4644,5.64079606208632,5.42680236912663,5.88277830301611,5.63144666666665,5.36225619047617,6.03275556719021,5.63144666666665,5.01880729483691,6.23051262612931
"22913",-0.3852,-80.2013,6.06391455789697,5.56883980979993,6.90553638311977,6.15585666666666,5.63604288640595,7.11901174688056,6.15585666666666,5.54342645403522,6.75512544302142
"22914",-23.4947,-174.2467,6.0350464531777,5.55871044208981,6.82669831304274,6.06025333333333,5.62334973856209,6.95700152173913,6.06025333333333,5.57434289730772,6.5335251722989
"22915",-0.2344,-80.6943,6.05143589394052,5.55636114584348,6.82434901679641,6.01181666666667,5.57491307189543,6.97497174688057,6.01181666666667,5.39894971689741,6.61065829142594
"22916",33.0143,131.0991,6.01651759196054,5.53393533520294,6.82066194316502,5.94620666666666,5.50930307189542,6.84295485507246,5.94620666666666,5.2389928501284,6.64675563275216
"22917",-19.492,169.0934,5.97494895962125,5.47362796585449,6.81032453917433,5.82999999999998,5.31018621973927,7.04177902621721,5.82999999999998,5.1819870413773,6.48308932583011
"22918",-55.7283,-27.2307,6.05781851584491,5.5752362590873,6.87445535838883,6.12943666666666,5.63406001883239,7.09259174688057,6.12943666666666,5.49332415656978,6.73899432774116
"22919",0.5783,-80.0247,6.02592186557894,5.53709336315162,6.77385000575595,6.01709,5.56782529411764,6.9802450802139,6.01709,5.40577370099167,6.61749947282913
"22920",0.639,-80.2104,6.06395107924488,5.57512257681756,6.90557290446768,6.09263999999999,5.58651387387387,7.0557950802139,6.09263999999999,5.48077064513626,6.69249934799243
"22921",0.7079,-80.0352,6.03687899158278,5.54805048915546,6.80354586876895,5.99066333333334,5.55407556213018,6.95381841354724,5.99066333333334,5.3795194220303,6.59124877006866
"22922",13.2,-55.8867,6.03212549760569,5.53705074950865,6.86750107715877,6.07300333333333,5.56199931726907,7.03615841354723,6.07300333333333,5.52531770532947,6.59485435837114
"22923",37.8013,141.6216,6.01920486658735,5.53037636416003,6.86082669181015,6.04275333333333,5.52293955307262,7.10676729493891,6.04275333333333,5.38456769212502,6.68681519485353
"22924",-0.2921,-80.5039,6.0316864293331,5.5491041725755,6.82333828919815,6.16417,5.72026803921569,7.0609181884058,6.16417,5.55149023418968,6.76319514149853
"22925",-0.2814,-80.5039,6.03648237848886,5.55390012173125,6.83438048402362,6.17284,5.72893803921569,7.0695881884058,6.17284,5.560161107209,6.77186633709317
"22926",0.6128,-80.2522,6.06553580138836,5.5642148076216,6.88217264393228,5.97935666666667,5.52136592592593,6.87610485507247,5.97935666666667,5.3673599617059,6.5790882732429
"22927",-59.3074,-27.027,6.06348075135408,5.58089849459647,6.89261008523744,6.00849999999999,5.57159640522875,6.90524818840579,6.00849999999999,5.37625920962412,6.62148367779854
"22928",-17.6976,-173.2031,6.05813798764702,5.55681699388026,6.91225230420925,6.20474333333333,5.69804536776212,7.26875729493891,6.20474333333333,5.71621994779716,6.67607530772989
"22929",14.479,-93.1509,6.10192093230696,5.60684618420992,6.93729651186004,6.20185999999999,5.69573387387386,7.16501508021389,6.20185999999999,5.58033587870762,6.82251836284934
"22930",-4.5105,140.1922,5.99777561953433,5.48396213442814,6.85188993609657,6.14652999999999,5.62671621973928,7.35830902621721,6.14652999999999,5.50814133063297,6.81050033507946
"22931",14.5178,-93.0882,6.03143541118446,5.54260690875714,6.84182600805866,6.12070333333333,5.62532668549905,7.08385841354723,6.12070333333333,5.49926778675237,6.74145022863296
"22932",24.2309,121.8009,6.03544544798536,5.55286319122776,6.84583604485957,6.09551999999999,5.60014335216571,7.05867508021389,6.09551999999999,5.39031813930877,6.80072079027813
"22933",-16.0429,167.3786,6.09531241566696,5.58149893056077,6.9494267322292,6.23347666666667,5.72735054054054,7.19663174688057,6.23347666666667,5.6036132632063,6.89845663804093
"22934",10.2752,-103.7363,6.05476657367559,5.55969182557855,6.85891092488008,5.94228666666667,5.50538307189543,6.83903485507247,5.94228666666667,5.31857451759251,6.55982659472523
"22935",-16.3487,167.2001,6.07338368914673,5.57830894104969,6.92749800570897,6.06672666666667,5.65588872928177,7.02988174688057,6.06672666666667,5.43509151883458,6.72999807850618
"22936",-5.0262,104.6271,5.94535529405106,5.46277303729345,6.68079094288863,5.98295333333333,5.48791914529914,6.9357639842209,5.98295333333333,5.26693083260562,6.70533595176397
"22937",-6.0785,-107.1631,5.82942060406064,5.40305455833051,6.42119260249469,5.76063333333332,5.33387848324514,6.61100265151514,5.76063333333332,5.21223924640063,6.28348650487683
"22938",43.6954,147.5063,5.86065140625123,5.40305413217251,6.46491589602471,5.78626999999999,5.32297103092782,6.83062028248586,5.78626999999999,5.07823106661659,6.48527061306157
"22939",-55.7642,-143.9055,5.87519075741399,5.4300859746747,6.36702282513254,5.90586333333333,5.39916536776212,6.64151395721925,5.90586333333333,5.43021449475587,6.37864065331081
"22940",-14.855,166.9341,5.89316979321221,5.4418187648032,6.50992677432513,5.84847999999999,5.37508326086955,6.61719951219511,5.84847999999999,5.22859978645283,6.52304294102082
"22941",13.7719,51.7683,5.87792574111346,5.43906720404389,6.369757808832,5.78234333333333,5.27564536776212,6.51800999999999,5.78234333333333,5.08474809979408,6.46006513917897
"22942",-8.9416,-108.2391,5.85335920243051,5.41450066536094,6.33269877880962,5.76544999999999,5.26024768786126,6.50110062388591,5.76544999999999,5.21666778234293,6.28791197309219
"22943",18.3754,-105.3371,5.89459498543662,5.45573644836705,6.38642705315516,5.81393733333333,5.3087350211946,6.54958795721925,5.81393733333333,5.19758389066287,6.4158861066072
"22944",16.4107,-97.8416,5.95358069504344,5.49598342096471,6.63904637852326,5.86468333333332,5.39662050610819,6.71190876685933,5.86468333333332,5.23587216250268,6.47755594289186
"22945",-62.5795,165.344,5.9805183646062,5.51667484485776,6.57853660870996,5.88603333333332,5.37933536776212,6.62169999999999,5.88603333333332,5.23959483574225,6.53290112620874
"22946",24.6953,121.9839,5.98803358659596,5.54292880385667,6.6110368133786,6.01346999999999,5.56956803921568,6.99413831683167,6.01346999999999,5.30781674327909,6.71766221157981
"22947",24.6833,122.0531,5.9719100193051,5.52680523656581,6.59491324608774,5.99541266666666,5.54614796078431,6.98287255971479,5.99541266666666,5.28972892509238,6.69954920440744
"22948",30.659,66.3878,5.8544814767723,5.40937669403301,6.34631354449084,5.79258333333333,5.28588536776212,6.55086261261261,5.79258333333333,5.03222952599853,6.52588736032655
"22949",-25.4822,179.3397,5.96659753294501,5.44029155649937,6.77698812981921,5.85405666666665,5.29907674698794,7.21032518518517,5.85405666666665,5.19811340653178,6.49892304454986
"22950",8.5599,-102.7916,5.895706058186,5.45060127544671,6.49372430228976,5.86773333333333,5.42383137254902,6.8205439842209,5.86773333333333,5.24311842851979,6.48523450206209
"22951",-22.517,172.9882,5.85889473258783,5.42003619551826,6.42568174834299,5.80912666666667,5.36522470588236,6.78979498349836,5.80912666666667,5.16108307195043,6.46189292538693
"22952",8.5038,-103.1118,5.73784546018922,5.33021815146825,6.21718503656833,5.73749133333332,5.36548625719119,6.49374787783594,5.73749133333332,5.11243603295865,6.35450720143265
"22953",0.4261,-79.7899,5.89348627279177,5.44213524438276,6.54147448225329,5.77876999999999,5.30537326086956,6.73158065088757,5.77876999999999,5.16741369412088,6.37913347230216
"22954",0.4947,-79.616,5.92961055621959,5.47201328214086,6.5775987656811,5.80852333333332,5.36352333333332,6.78182101604277,5.80852333333332,5.19719945342495,6.40891989942377
"22955",-25.5655,129.8841,5.92364103666598,5.48478249959641,6.5091667894303,5.84954000000001,5.40563803921569,6.80235065088758,5.84954000000001,5.20277664544496,6.49696107575315
"22956",30.9561,140.0808,5.97403262552802,5.47271163176126,6.75319199405363,5.91265333333331,5.39283955307261,6.88595101604276,5.91265333333331,5.21511953561494,6.56288456511768
"22957",26.9924,130.1374,5.89714590138468,5.45828736431511,6.47642540847929,5.86127666666666,5.41627666666666,6.75802485507246,5.86127666666666,5.16370519318026,6.56039539726158
"22958",27.6887,128.5829,5.81015675460732,5.58991681597791,6.0521389955371,5.82323000000001,5.63167618055556,6.1655492239859,5.82323000000001,5.11807008130033,6.52606434471443
"22959",-20.8101,-178.6481,6.02555692468464,5.48051221122985,6.88591748691659,6.07031333333332,5.44907183673468,7.42658185185184,6.07031333333332,5.58261690845195,6.54202735247825
"22960",-21.9724,-178.2038,6.03719535010632,5.52338186500012,6.84758594698052,6.01438999999999,5.45941008032128,7.37065851851851,6.01438999999999,5.53053607186349,6.48984972026978
"22961",-56.2409,-26.9353,6.01298656130656,5.53665055021868,6.74842221014414,6.05780333333332,5.56242668549905,7.0106139842209,6.05780333333332,5.42218118779556,6.66734203600952
"22962",-30.2689,-177.9791,5.91415682168613,5.4565595476074,6.55589878547792,5.88659333333332,5.46449015873015,6.80010418145956,5.88659333333332,5.40837735572547,6.3692052814413
"22963",25.5615,122.5458,6.00344842462121,5.48963493951502,6.82008526716514,5.92206333333332,5.36708341365461,7.27833185185184,5.92206333333332,5.21602615872771,6.62520186896231
"22964",47.5484,154.3641,5.91744816450599,5.45985089042726,6.58417511097666,5.82853333333332,5.35513659420289,6.78134398422089,5.82853333333332,5.11767645724018,6.47518541960351
"22965",55.3979,-158.5143,5.86628908366264,5.41493805525363,6.49553855611499,5.79737666666665,5.32397992753622,6.68494247863246,5.79737666666665,5.21955080149177,6.31338997211734
"22966",-30.2228,-177.9545,5.67473856077214,5.26086500638144,6.09786192612377,5.59769333333333,5.17854994413407,6.59039896103895,5.59769333333333,5.11900900737153,6.07981228453612
"22967",-2.0967,100.6654,5.81186026013797,5.35426298605925,6.41612474991145,5.73996666666666,5.31786349206349,6.6534775147929,5.73996666666666,5.02588591039308,6.46429259454213
"22968",18.0217,-105.8338,5.91911760380211,5.47401282106282,6.51088960223615,5.91657,5.44129677595629,6.56484192982457,5.91657,5.29884184437598,6.5171453328001
"22969",-29.3424,-71.8594,5.90436667305429,5.44676939897557,6.54610863684609,5.88747333333333,5.43820862745098,6.56836348484848,5.88747333333333,5.2368545928612,6.51662194686172
"22970",-4.587,125.6264,5.97914452009035,5.45908478931443,6.78328887129483,6.04030999999998,5.48533008032127,7.01360768270943,6.04030999999998,5.34286289975011,6.74007455389175
"22971",-17.6471,-172.6317,5.8905688128561,5.45171027578653,6.45735582861127,5.93992666666667,5.44455001883239,6.59330317789292,5.93992666666667,5.45160723974898,6.41134739842416
"22972",-30.0235,-177.8359,5.84510698331288,5.38126346356444,6.44312522741665,5.78305999999999,5.31976103092783,6.630285433526,5.78305999999999,5.30394032737943,6.26463698882877
"22973",-30.0433,-71.4636,5.83315571248825,5.37555843840952,6.44366644793145,5.74295,5.32084682539682,6.60064461077844,5.74295,5.0922233560913,6.37171324289829
"22974",-45.1528,166.8282,5.87750847465961,5.41991120058088,6.50675794711197,5.81053666666665,5.36523842105262,6.45880859649122,5.81053666666665,5.16388450580093,6.45817594672289
"22975",18.3637,-105.1731,5.94386489544291,5.49876011270362,6.5481293852164,5.93525066666667,5.49134870588235,6.61094763636364,5.93525066666667,5.31927296948046,6.53757407682312
"22976",18.5036,-105.2031,5.7676508440727,5.353777289682,6.25948291179124,5.73671866666666,5.3001308954635,6.41241563636363,5.73671866666666,5.12091317845372,6.33921562763019
"22977",1.2789,126.3712,5.86836776847958,5.41701674007057,6.49137099526222,5.77713666666666,5.35503349206349,6.6348312774451,5.77713666666666,5.08675941246124,6.44388433932787
"22978",-4.061,-104.5531,5.9486814674191,5.50357668467982,6.58417718554118,5.88312000000001,5.4392180392157,6.53649651122626,5.88312000000001,5.28752149829437,6.42890599947344
"22979",-11.2487,116.2669,5.93952351344966,5.48192623937093,6.61874295125976,5.89221666666666,5.42415383944153,6.65554999999999,5.89221666666666,5.19098353212114,6.58772655256417
"22980",12.8318,-86.9633,6.00933498141381,5.56423019867452,6.65732319087533,5.91054333333333,5.34389468468468,6.66882261261261,5.91054333333333,5.31600475167569,6.45657578950455
"22981",-8.6757,160.559,5.91550322845412,5.45790595437539,6.60721515760366,5.97683666666666,5.50877383944153,6.96429655971479,5.97683666666666,5.33516588306255,6.62871748360019
"22982",-7.4584,-13.6003,6.0403279231551,5.58273064907638,6.75702483498353,6.02435666666666,5.50774747126436,7.01181655971479,6.02435666666666,5.53104283947674,6.51392504279062
"22983",-16.4825,-177.2142,6.01355039391504,5.56844561117575,6.65529235770683,5.89763333333334,5.33098468468469,6.64201717171717,5.89763333333334,5.40890556895373,6.36824155596241
"22984",-4.4284,-104.8111,5.86006074766221,5.42120221059264,6.42684776341738,5.80893,5.36363175438596,6.54458062388591,5.80893,5.21311370348563,6.35449915210317
"22985",27.0107,130.1996,5.85419534558738,5.40909056284809,6.4397210983517,5.85790866666666,5.38984583944153,6.6022925050505,5.85790866666666,5.16031223725698,6.55700235389476
"22986",-18.7609,168.8279,5.84119748547131,5.37110772005314,6.48918569493282,5.78855333333332,5.29351914529913,6.64624794411176,5.78855333333332,5.13944679268339,6.44032588167146
"22987",26.9601,130.1941,5.84973301726617,5.40462823452688,6.46648999837909,5.77762733333333,5.34972463063062,6.84797629166666,5.77762733333333,5.0800100968676,6.47670036525423
"22988",-62.3661,166.5804,5.85206816096867,5.4132096238991,6.42510142239356,5.80320666666666,5.36630307189542,6.53885729055258,5.80320666666666,5.15650367197108,6.44990184167546
"22989",-20.5822,168.9219,5.84464898175486,5.40579044468529,6.39894350617059,5.79067333333334,5.34677137254902,6.52632395721926,5.79067333333334,5.1438343327834,6.44549606105628
"22990",-11.6148,166.37,5.89788207192848,5.42779230651032,6.45217659634421,5.88759666666665,5.44259666666665,6.5684868181818,5.88759666666665,5.25782557920205,6.55170814176329
"22991",-24.1467,-67.1526,6.04950748413071,5.52320150768507,6.91611429203238,6.45671666666666,5.81184487179487,7.88386720430107,6.45671666666666,5.80085042334938,7.0810255512743
"22992",-20.2793,169.0737,5.99340680815132,5.5358095340726,6.68511873730087,5.97687333333333,5.48149668549905,6.9296839842209,5.97687333333333,5.32938098378293,6.630870005172
"22993",20.1726,121.3782,5.91611179507759,5.46476076666858,6.52662253052079,5.83906,5.34368335216572,6.58344383838384,5.83906,5.14374537003766,6.54047362164991
"22994",-20.2072,168.7595,5.9278873872649,5.47029011318617,6.55713685971726,5.88448333333333,5.4110865942029,6.62886717171717,5.88448333333333,5.23702821305018,6.53842934166856
"22995",22.6582,-45.1402,5.95464701904801,5.48455725362984,6.6276202111884,5.89350999999999,5.44960803921568,6.65178927927927,5.89350999999999,5.39570523889968,6.38624329911812
"22996",-3.4199,151.8796,6.11858300794016,5.57353829448537,7.03515978119959,6.44536999999999,5.68558929824561,7.8725205376344,6.44536999999999,5.80747782527027,7.10116804613322
"22997",-60.6729,-42.912,5.92794730617098,5.48284252343169,6.52596555027474,5.94442666666666,5.44905001883238,6.65511135135134,5.94442666666666,5.32757654385937,6.52309349953089
"22998",23.694,123.3704,6.01532888496454,5.55148536521609,6.72577955112324,6.05236,5.55698335216572,7.03302831683168,6.05236,5.35659366817271,6.75329907435373
"22999",-25.7705,-69.3417,6.06496141240942,5.56988666431238,6.89409074629278,6.17157333333333,5.67653914529914,7.24192229166666,6.17157333333333,5.51697312475292,6.79750401512446
"23000",53.9019,-35.3608,6.05419828020099,5.6090934974617,6.75840270068997,6.18282333333332,5.73892137254901,6.95154284552844,6.18282333333332,5.66371839869015,6.69572418294303
"23001",39.4793,73.3388,5.87990484482725,5.43480006208796,6.47167684326129,5.82139,5.34799326086956,6.57764654450262,5.82139,5.10731119572058,6.53678740543799
"23002",36.9968,142.2226,5.88585362175831,5.4345025933493,6.48387186586207,5.87859666666667,5.38356247863248,6.77534485507247,5.87859666666667,5.17303291205255,6.52616161520282
"23003",16.5502,-97.8332,5.89405260424229,5.43645533016357,6.54204081370381,5.77103666666665,5.29763992753621,6.48172135135133,5.77103666666665,5.14184705054169,6.38353111476019
"23004",39.4745,73.341,6.05245300106719,5.56362449863987,6.80038114124421,6.10861000000001,5.65934529411765,7.08927831683169,6.10861000000001,5.3945315390589,6.82400774863489
"23005",-14.6436,166.4585,5.95674911811467,5.51164433537538,6.56101360788815,5.99679,5.51540566484518,6.65016651122626,5.99679,5.37572145854897,6.67006750217241
"23006",-16.0558,167.4701,5.88161396403191,5.4302629356229,6.50461719081455,5.86559333333333,5.45475539594843,6.72328794411177,5.86559333333333,5.23563457589179,6.53049967537006
"23007",-10.6273,164.9682,5.95198100782145,5.49438373374272,6.66243167398015,5.97954666666665,5.48417001883238,6.93235731755423,5.97954666666665,5.34499457442635,6.63875274518243
"23008",-56.7696,-142.0798,5.9883950958384,5.53079782175967,6.65512204230907,5.923,5.47909803921569,6.65865062388592,5.923,5.45015402756111,6.38934056379272
"23009",-0.4071,-80.8075,5.86766543915359,5.42880690208402,6.38448248955101,5.81622599999999,5.36696129411764,6.57450527927927,5.81622599999999,5.20325573358355,6.4149603965148
"23010",-35.8108,-103.2511,6.00658074252698,5.55522971411798,6.56087526694271,5.95750666666666,5.39085801801801,6.8710175147929,5.95750666666666,5.43194753280831,6.47829092227347
"23011",-15.0284,-172.8764,6.0040283426463,5.55892355990701,6.66450904344725,5.90134666666667,5.33469801801803,6.66468000000001,5.90134666666667,5.41332735459713,6.373193864006
"23012",-15.083,-173.2011,6.00402826401329,5.558923481274,6.66450896481424,5.90134666666667,5.33469801801803,6.66468000000001,5.90134666666667,5.41288930252987,6.37288197017464
"23013",-14.6192,167.3857,6.01564346226309,5.49558373148718,6.84477279614645,6.00425666666666,5.43760801801801,6.97755434937611,6.00425666666666,5.38483446639503,6.67927020652342
"23014",0.5874,-79.6358,5.90584589396489,5.45449486555588,6.5538341034264,5.88436333333333,5.3791610211946,6.56525348484848,5.88436333333333,5.2733253228448,6.48504856276378
"23015",0.5812,-79.638,5.91914468785125,5.46779365944224,6.59211787999163,5.89719333333333,5.3919910211946,6.57808348484848,5.89719333333333,5.28614383592173,6.49786691681073
"23016",-6.4391,147.4614,5.97168246582564,5.50783894607719,6.69462562332378,5.92359999999999,5.41259598393573,6.83711084812622,5.92359999999999,5.28290936906426,6.57629081288201
"23017",-28.0101,-176.4143,5.88318449958669,5.44432596251712,6.46871025235102,5.85234333333334,5.4154397385621,6.56302801801802,5.85234333333334,5.37183952960517,6.33174068888874
"23018",-28.0052,-176.443,5.90718885610648,5.46208407336719,6.53643832855883,5.89946333333333,5.45019862745098,6.85227398422091,5.89946333333333,5.4189700634902,6.37887242092324
"23019",-28.109,-176.5308,5.76215228946035,5.35452498073937,6.25398435717889,5.75155133333332,5.35092699470898,6.45437115315314,5.75155133333332,5.27153370895928,6.23146931128423
"23020",-27.9244,-176.5252,5.87881948557974,5.43996094851017,6.46434523834406,5.83698333333334,5.39308137254902,6.57263395721925,5.83698333333334,5.35640672251253,6.31629602551203
"23021",-28.176,-176.3523,5.87346853655115,5.43460999948157,6.38403934127884,5.84579333333333,5.40920556213017,6.58144395721925,5.84579333333333,5.36542465314633,6.32536225505034
"23022",35.2083,-35.2241,5.90706327397034,5.45571224556133,6.45511155271635,5.86608666666667,5.4027876975945,6.59202299625468,5.86608666666667,5.38746698708653,6.33688650990927
"23023",-30.2523,-71.9722,5.93047872170848,5.49786643030863,6.53474321148196,5.92438333333334,5.48048137254903,6.60527348484849,5.92438333333334,5.27339340175576,6.55306840992609
"23024",-18.9285,169.0547,5.98571910861413,5.48439811484737,6.77737096847917,6.07709999999999,5.52212008032127,7.05039768270943,6.07709999999999,5.43178286161012,6.72940648078771
"23025",47.6981,146.9212,6.03602133480813,5.50346911269278,6.87764316003093,6.08550666666666,5.51870178861788,7.0588043493761,6.08550666666666,5.3747851475816,6.79359757769483
"23026",-6.7596,101.2175,5.94701591483906,5.50815737776949,6.5700191416217,5.95183666666668,5.44513870109547,6.62753363636365,5.95183666666668,5.23086339085532,6.67918448095338
"23027",14.8899,-103.5251,5.63732193207705,5.42332823911735,5.87305792733711,5.62724999999999,5.40964361702127,5.98483771929823,5.62724999999999,5.00619354638255,6.24635364483759
"23028",58.4734,-156.4568,6.13165957942748,5.60535360298185,6.91081894795309,6.04768599999998,5.55230935216571,6.99598442931936,6.04768599999998,5.46952150775402,6.56347429287061
"23029",-15.1308,-173.6725,5.88927170766444,5.43792067925543,6.54975240846539,5.95063666666666,5.47231313725489,6.83820247863247,5.95063666666666,5.46156435790721,6.4216985992413
"23030",0.915,-28.9702,5.93171412271078,5.48660933997149,6.48600864712651,5.83659333333333,5.3685305061082,6.5948726126126,5.83659333333333,5.33588895112692,6.32676407063564
"23031",-49.4848,126.2657,6.04698481425327,5.60188003151398,6.75118923474225,6.02465333333333,5.60769037037037,6.7003503030303,6.02465333333333,5.3915654224688,6.63916127304051
"23032",-49.4245,126.3706,5.70907861535632,5.48883867672691,5.95730710195582,5.70305666666666,5.48122333333333,6.04537589065255,5.70305666666666,5.06999982878867,6.31759572173614
"23033",-26.1067,-70.5111,6.06785459083278,5.5915185797449,6.85950645069783,6.23401,5.75873677595628,7.44578902621723,6.23401,5.57914798885337,6.85958655056376
"23034",-2.969,148.0345,6.05294466525556,5.60783988251627,6.75090284007482,6.03412,5.62921416195856,6.92168581196581,6.03412,5.39123705808534,6.69221758532057
"23035",-0.2711,-18.6431,5.86746705378954,5.42860851671997,6.35929912150808,5.85420666666666,5.41730307189542,6.58985729055258,5.85420666666666,5.36029095958265,6.33438855126993
"23036",-16.036,167.45,5.89108302316591,5.43348574908718,6.57654870664574,5.77851333333334,5.26750931726908,6.69202418145957,5.77851333333334,5.14868202239402,6.44353659451591
"23037",-44.4113,-79.0594,5.97728597363194,5.52593494522293,6.64401292010261,5.90521666666667,5.46131470588236,6.64086729055259,5.90521666666667,5.28667128306812,6.51589377366222
"23038",18.5429,145.5073,6.02655281372725,5.50024683728162,6.86817463895005,6.07651666666665,5.49342142857141,7.05718498349833,6.07651666666665,5.42126074121397,6.72366777547884
"23039",18.7561,145.4878,5.66601654667154,5.43953036237241,5.92673752461048,5.67500666666665,5.437252601626,6.03737333333332,5.67500666666665,5.02046980606806,6.32287787432082
"23040",-6.9459,155.8087,5.85491780738468,5.40356677897568,6.46542854282788,5.87613999999999,5.46530206261509,6.73383461077844,5.87613999999999,5.23423727963848,6.52837148313654
"23041",-56.2564,-27.5372,5.87068531308498,5.40684179333653,6.52491976821621,5.79354333333333,5.31521980392156,6.70705418145956,5.79354333333333,5.15804350182476,6.40268004331026
"23042",-8.1935,117.8136,5.91264204704673,5.46129101863773,6.5793689935174,5.84082666666667,5.40392307189543,6.69852127744511,5.84082666666667,5.14221684176486,6.53901280498751
"23043",-23.9646,82.5565,5.9068003433252,5.46794180625563,6.4860798504198,5.86620666666667,5.39280992753623,6.60185729055258,5.86620666666667,5.13238334421774,6.58821069844583
"23044",-58.7496,-25.5494,5.94337606845766,5.48577879437893,6.58511803224945,5.84769,5.35265581196581,6.69491543352601,5.84769,5.2145127522636,6.42308826394155
"23045",-22.3343,-66.0078,5.96311501838782,5.44930153328163,6.74852063258315,5.89893999999999,5.33148560530679,6.87223768270944,5.89893999999999,5.24587137824805,6.52577701206494
"23046",24.9447,142.0141,6.00646225409172,5.47391003197637,6.83559158797508,5.91566666666666,5.35855197132616,6.88896434937611,5.91566666666666,5.21779710239897,6.6144335901079
"23047",-23.9235,82.434,5.89885946309554,5.46000092602597,6.47813897019015,5.88109,5.43718803921568,6.61674062388592,5.88109,5.12096839648546,6.61480607522987
"23048",-22.4765,173.1167,6.05657236600599,5.58023635491811,6.77326927783441,6.02555333333332,5.53017668549905,6.78180987783594,6.02555333333332,5.37749270635757,6.67827288971663
"23049",-25.1758,-177.3433,5.95703997301747,5.48070396192958,6.64875190216701,5.93006666666665,5.43503247863246,6.69878617886177,5.93006666666665,5.44771915447111,6.40719862633572
"23050",-27.348,-176.2612,5.66003648842933,5.43979654979992,5.90826497502884,5.65861999999999,5.43330063872254,6.01620771929823,5.65861999999999,5.17661475066756,6.136349363396
"23051",50.4696,142.2749,5.89439669067817,5.44929190793888,6.51115367179108,5.89934666666666,5.45008196078431,6.79609485507246,5.89934666666666,5.19428747891749,6.60302619267998
"23052",51.5437,179.5022,5.87501530421757,5.41117178446913,6.51051102233965,5.83192333333332,5.33688914529913,6.68961794411176,5.83192333333332,5.25393773734121,6.40628201790539
"23053",-15.6542,-72.0092,5.91667807547228,5.45283455572384,6.48971133689717,5.95599333333333,5.38853893864013,6.68192966292134,5.95599333333333,5.30679374958071,6.57377469876273
"23054",37.4115,141.7203,5.89256031765199,5.43496304357326,6.52180979010434,5.85288,5.38958103092783,6.74044581196581,5.85288,5.19326092478363,6.49550220398747
"23055",-19.8352,148.7233,5.86762325635124,5.42251847361195,6.465641500455,5.89350533333333,5.44424062745097,6.62917199999999,5.89350533333333,5.24797799394621,6.54140763967223
"23056",-55.9035,-123.2414,5.89824003259678,5.45313524985749,6.4837657853611,5.84930333333333,5.40540137254902,6.58495395721925,5.84930333333333,5.37942499325352,6.31830110094638
"23057",-55.7274,-123.2773,5.71769157954684,5.31006427082586,6.1845386645865,5.73441799999999,5.31681658906525,6.47006862388591,5.73441799999999,5.26434363020662,6.20321994570052
"23058",-55.2852,-31.8766,5.92474949327184,5.48589095620227,6.51027524603617,5.89016666666667,5.39479001883239,6.62581729055258,5.89016666666667,5.27069240805429,6.46725160519489
"23059",-55.335,-30.7714,5.69566521428455,5.47542527565514,5.94389370088405,5.67587333333332,5.48511731958762,6.03346105263157,5.67587333333332,5.05558949646345,6.25239409124301
"23060",-55.215,-32.0659,5.97472527213671,5.5233742437277,6.68517593829541,6.08926133333334,5.65267356213018,7.15961029166667,6.08926133333334,5.46990180353624,6.66642561036803
"23061",-55.201,-32.1126,5.84361688557758,5.39851210283829,6.34169519896584,5.79460266666666,5.35769907189542,6.53025329055258,5.79460266666666,5.17527035606114,6.37178584976433
"23062",-22.9455,173.2749,5.92927164985743,5.49041311278786,6.52104364829148,5.90823666666666,5.46433470588235,6.64388729055258,5.90823666666666,5.259439423502,6.56016954747266
"23063",40.3942,143.6796,6.00962779660864,5.55827676819963,6.68884723441875,6.06882666666666,5.57345001883239,7.02163731755424,6.06882666666666,5.37122932530567,6.7245513950455
"23064",40.3135,143.7281,5.92416369696964,5.47905891423035,6.52842818674312,5.90030666666666,5.45104196078431,6.79705485507246,5.90030666666666,5.20246185561282,6.55578394310286
"23065",-55.3133,-31.7508,5.98195776733882,5.49937551058122,6.6861621878278,5.86127666666666,5.36590001883238,6.75802485507245,5.86127666666666,5.24172277891968,6.4383061882425
"23066",29.8814,139.1356,6.00938207631545,5.48932234553953,6.83226516452909,6.02432666666665,5.46934674698793,6.99762434937609,6.02432666666665,5.32310055101482,6.71972812918943
"23067",-7.2872,122.4345,5.99416241725997,5.46785644081433,6.81704550547361,6.00351333333332,5.44639863799282,7.35978185185184,6.00351333333332,5.30496298967565,6.70189729433805
"23068",-7.2131,122.5391,5.71529437542653,5.47631569978796,5.99475409037463,5.75771333333333,5.51995926829268,6.12008,5.75771333333333,5.05914713366896,6.45608704680435
"23069",42.723,13.1877,6.02311269884231,5.54677668775442,6.7960258216982,6.00524466666667,5.53718183944154,7.075593625,6.00524466666667,5.39499113364222,6.57023307578723
"23070",42.8413,13.1533,5.95594367391025,5.49834639983152,6.69137932274782,6.045614,5.57755117277487,7.11596295833333,6.045614,5.43533490286112,6.61057952852079
"23071",20.9228,94.569,5.97445837797421,5.50436861255605,6.71614027248151,6.01277333333332,5.50757102119459,7.0571236158192,6.01277333333332,5.29001464868409,6.72878095668042
"23072",-2.9097,100.1775,5.99121498696098,5.52737146721253,6.73914312713799,5.97297666666666,5.50491383944153,6.86972485507246,5.97297666666666,5.25903472099756,6.69740366651716
"23073",30.6141,137.8537,6.11395688860537,5.58140466649002,6.9993024335162,6.44176333333334,5.79689153846154,7.86891387096774,6.44176333333334,5.73192301689125,7.13960083795421
"23074",-2.7862,138.4275,5.96012675586089,5.49628323611245,6.60186871965269,5.87912333333332,5.45236848324514,6.64784284552844,5.87912333333332,5.25109240414653,6.55244208166682
"23075",-0.0456,-17.8255,5.88314265256436,5.44428411549479,6.48116089666812,5.88306533333333,5.43380062745097,6.64639866666666,5.88306533333333,5.38934622403282,6.37393890106619
"23076",-3.6849,152.7915,5.96716374504285,5.45335025993665,6.76506185057761,5.88416999999999,5.23929820512819,6.85746768270943,5.88416999999999,5.24774429258904,6.54160405951882
"23077",-37.132,178.9278,5.89487130307711,5.4435202746681,6.51787452985975,5.88770333333333,5.38100536776213,6.74539794411178,5.88770333333333,5.23792360544355,6.53138128614553
"23078",-37.3586,179.1461,5.94130684933428,5.48370957525556,6.59554130446551,5.87485333333333,5.42985333333333,6.72522265151515,5.87485333333333,5.22509900543355,6.51855173638512
"23079",-37.4395,179.4941,5.60993075153211,5.39593705857242,5.84566674679218,5.57405666666666,5.35645028368793,5.9316443859649,5.57405666666666,4.92450546143044,6.21795569680948
"23080",-37.2263,179.093,5.60882846195701,5.39483476899732,5.84456445721708,5.55630333333333,5.3386969503546,5.95761223385689,5.55630333333333,4.90656262574669,6.20001760078663
"23081",-37.0174,178.8907,5.61045828520366,5.39646459224397,5.84619428046373,5.59221999999999,5.32341307832421,5.94980771929823,5.59221999999999,4.94247048193825,6.23593013745989
"23082",-37.0522,178.9291,6.01197242848542,5.56062140007641,6.70368435763497,6.2089,5.75963529411765,7.16171065088758,6.2089,5.55915088013367,6.85260969922197
"23083",-37.0274,179.0179,5.98123449590344,5.53612971316415,6.63546895103467,6.17462333333333,5.73803556213018,6.94334284552845,6.17462333333333,5.52491445475354,6.81837286935871
"23084",-37.2309,178.6028,5.60569924428709,5.3917055513274,5.84143523954716,5.60467333333332,5.3870669503546,5.96226105263157,5.60467333333332,4.95475247438282,6.2482114441047
"23085",0.5533,98.6145,5.85217663627973,5.40082560787072,6.46893361739265,5.79222333333333,5.31389980392156,6.64991794411177,5.79222333333333,5.07885711024445,6.51725915984384
"23086",-37.3176,178.7148,5.60755013852007,5.39355644556038,5.84328613378013,5.60912333333332,5.39151695035459,5.96671105263156,5.60912333333332,4.95917061272403,6.2526273963177
"23087",-55.3295,-30.9179,5.98124241662904,5.5173988968806,6.59175315207224,5.90452,5.42924677595628,6.64018666666666,5.90452,5.28436062083056,6.48112696717706
"23088",-19.5002,-173.7059,5.88147388633746,5.44261534926789,6.36705970838629,5.81679666666667,5.35880592592593,6.52748135135135,5.81679666666667,5.32839590827735,6.28775478191804
"23089",40.3208333,-125.6876667,6.34174669051032,5.60931460696397,6.96474991729296,6.48884999999999,5.60057413793102,7.30160274725274,6.48884999999999,5.81097892183464,7.11450985027862
"23090",36.4251,-96.9291,5.86627763139554,5.42117284865625,6.48303461250845,5.80494799999999,5.37704529729729,6.78561631683168,5.80494799999999,5.18066672520654,6.39774868929725
"23091",20.2816,147.3955,5.62062711873341,5.40663342577372,5.85636311399348,5.62021333333333,5.34269996434937,5.97780105263157,5.62021333333333,4.96681251006504,6.26922583509877
"23092",8.3989,125.8874,5.93581638333155,5.47821910925282,6.57755834712335,5.90016333333333,5.40478668549905,6.58105348484848,5.90016333333333,5.1948362309506,6.59197591273642
"23093",-37.127,178.6986,5.90085543306814,5.44950440465913,6.52385865985077,5.89503,5.45812640522876,6.65836333333333,5.89503,5.24518101410596,6.53864070639022
"23094",54.4153,168.5415,5.90940337801383,5.47054484094426,6.49492913077816,5.96403000000001,5.46865335216573,6.69969666666668,5.96403000000001,5.31368418300925,6.59087489464488
"23095",-10.8889,165.9801,5.86220672186065,5.41085569345164,6.48520994864328,5.94291,5.52080682539682,6.91620768270944,5.94291,5.30817863256365,6.60198484331442
"23096",-54.6136,158.7126,6.01139868169958,5.54755516195114,6.70311061084913,6.00776333333332,5.57085973856208,6.98843165016501,6.00776333333332,5.36611904784126,6.65588083358641
"23097",-31.3775,-65.8254,5.98380957545318,5.48248858168642,6.76921518964851,5.93962666666666,5.44459247863247,6.9129243493761,5.93962666666666,5.32113673476936,6.53255069734712
"23098",-5.573,-76.9536,5.96790505673626,5.47907655430894,6.71583319691328,5.88995999999999,5.38383387387387,6.74765461077844,5.88995999999999,5.27986664421132,6.49119497642139
"23099",-1.0355,31.6181,5.91825227022742,5.45440875047897,6.59122546236781,5.81555,5.37025175438596,6.78884768270944,5.81555,5.25619219608877,6.33436510357692
"23100",-28.7552,-112.3053,5.95622763584312,5.51736909877355,6.54799963427716,5.97358666666666,5.56274872928176,6.68427135135134,5.97358666666666,5.46597218082071,6.48013936219484
"23101",7.3736,-76.1686,5.98096553987008,5.5046295287822,6.70390869736822,5.92083,5.45035127659574,6.67708654450261,5.92083,5.30424776988953,6.51607500070395
"23102",-9.329,159.1673,5.91160891961755,5.46025789120854,6.55335088340934,5.87520333333333,5.42593862745097,6.72242876685934,5.87520333333333,5.23332035636698,6.52685744017147
"23103",12.44,-86.6423,5.90239390698178,5.45728912424249,6.50041215108554,5.87279,5.43588640522876,6.7695381884058,5.87279,5.27793501374949,6.41839211034635
"23104",-29.1551,60.9158,5.84886638850684,5.41000785143727,6.32820596488594,5.83496999999999,5.39838222879684,6.57062062388591,5.83496999999999,5.21118351388596,6.39488279091756
"23105",-2.0829,140.5718,5.97131669920372,5.51371942512499,6.63179740000467,5.87564333333334,5.43174137254903,6.63189987783596,5.87564333333334,5.23800834642966,6.53956189592489
"23106",-4.4346,102.7537,5.61321413537398,5.39922044241429,5.84895013063405,5.58778666666665,5.3624673053892,5.94537438596489,5.58778666666665,4.87606017678552,6.31446284487196
"23107",-16.0566,167.4862,5.83350720935239,5.37590993527367,6.42527920778644,5.74745666666667,5.2841576975945,6.60515127744511,5.74745666666667,5.1174893313449,6.41235775743019
"23108",-2.0354,140.4805,5.87571863903902,5.43061385629973,6.46124439180335,5.82938666666667,5.38548470588235,6.50508363636364,5.82938666666667,5.19193985858192,6.49350209246065
"23109",30.5017,142.0478,5.92433596255337,5.47923117981408,6.52860045232685,5.92463333333334,5.48804556213018,6.66028395721926,5.92463333333334,5.21985311384987,6.57328744020766
"23110",-59.4722,-27.4883,5.87872416663743,5.43361938389814,6.38304872569541,5.94411333333333,5.50752556213017,6.67977999999999,5.94411333333333,5.31200634523436,6.55727650720246
"23111",-21.5525,33.4112,5.87056543631549,5.43170689924592,6.44359869774038,5.82523666666666,5.38133470588235,6.56088729055258,5.82523666666666,5.26605200738746,6.34451867159737
"23112",34.4619,141.6368,5.91769136711157,5.478832830042,6.50946336554562,5.92344333333333,5.42806668549906,6.63412801801802,5.92344333333333,5.21589818393667,6.56977621238076
"23113",6.5717,126.4918,5.85649306138553,5.39264954163708,6.47949628816817,5.88204,5.38700581196581,6.83485065088757,5.88204,5.17774639232362,6.57512386625428
"23114",45.7275,26.6097,5.85801884108791,5.39417532133946,6.48102206787055,5.82653333333333,5.34820980392156,6.74004418145956,5.82653333333333,5.21294782536893,6.43385268306666
"23115",-32.6081,-178.0078,5.94153701051895,5.49018598210994,6.63324893966849,5.92309533333333,5.4550325061082,6.91055522638146,5.92309533333333,5.43583596817835,6.3969466500328
"23116",-1.9534,140.5974,5.96116856630548,5.51606378356619,6.65288049545502,5.93637333333333,5.49247137254902,6.98072361581921,5.93637333333333,5.3035769556749,6.59979445125233
"23117",-1.8499,140.5604,5.83661730716527,5.40400501576542,6.46586677961763,5.76726066666666,5.29919783944153,6.61762998484848,5.76726066666666,5.12937766530082,6.4314300442619
"23118",-18.1706,-174.984,6.10469369620428,5.57214147408892,6.99003924111511,6.28815999999999,5.76381476190475,7.64442851851851,6.28815999999999,5.79951054893742,6.75911719363939
"23119",-19.7819,-178.2443,6.22609989979467,5.64982395799128,7.211385375421,6.62353,6.00228850340136,7.97979851851851,6.62353,6.1337020731487,7.09303573901278
"23120",-32.3987,-177.7666,6.00461281518716,5.56575427811759,6.67133976165783,6.04742933333332,5.60352737254901,6.81076266666665,6.04742933333332,5.56085926475084,6.52217999576189
"23121",27.4646,128.578,5.86546445860768,5.41411343019867,6.46972894838116,5.81775666666667,5.40691872928177,6.67545127744511,5.81775666666667,5.11250266655991,6.52050527005728
"23122",12.4417,-86.5146,5.97738889622725,5.52603786781824,6.60663836867961,5.99416,5.56625729729729,6.72981062388591,5.99416,5.3990450544819,6.53947972442739
"23123",-35.6012,-103.8967,5.74677343558543,5.33914612686445,6.22611301196453,5.67425733333333,5.29520055677655,6.30528297435897,5.67425733333333,5.14882472941472,6.19516895628104
"23124",-23.6806,-174.9261,5.8803651514425,5.42901412303349,6.49087588688569,5.77177666666666,5.32787470588235,6.50742729055258,5.77177666666666,5.28586601044875,6.24504828545837
"23125",27.8519,141.9442,5.87949544483093,5.4218981707522,6.55246863697131,5.78110999999999,5.31063127659573,6.6686758119658,5.78110999999999,5.08049736896991,6.47503978140579
"23126",7.1427,-34.3336,5.87352234130531,5.4221713128963,6.4153243743816,5.72906333333332,5.27979862745097,6.46471395721924,5.72906333333332,5.22971850173285,6.22031273547431
"23127",22.6258,121.436,5.92174912518264,5.46415185110391,6.5884760716533,5.98715,5.50661886446886,6.84662747747748,5.98715,5.28498858641568,6.6952000436433
"23128",-4.0427,-103.9169,5.87648027337156,5.42512924496255,6.41828230644785,5.75036666666665,5.2798879432624,6.48601729055257,5.75036666666665,5.15497953637167,6.2963634407629
"23129",-36.0277,-101.0092,5.81471520351121,5.3945954034508,6.45021092163329,5.77098866666666,5.3608379574468,6.62135798484847,5.77098866666666,5.22156619179643,6.29253004361602
"23130",-37.1241,178.64,5.88011809522002,5.42252082114129,6.54684504169069,5.81283666666666,5.36893470588234,6.70040247863247,5.81283666666666,5.16297696856023,6.45643720179091
"23131",1.7703,127.449,5.96533579359648,5.48275353683887,6.73824891645237,5.91993666666666,5.42490247863247,6.68865617886178,5.91993666666666,5.22364472398206,6.62265532609431
"23132",-15.372,-174.8198,6.04079384375566,5.57695032400722,6.75124450991437,5.91411,5.34746135135135,6.75746227272727,5.91411,5.42438001446263,6.38439185971997
"23133",-5.4151,153.5054,6.02373473536814,5.56613746128941,6.73418540152684,6.06470999999999,5.61544529411764,6.92418747747747,6.06470999999999,5.42594485245595,6.72312427641355
"23134",-35.4987,-103.9926,5.85793225829454,5.40658122988553,6.40598053704055,5.72739666666665,5.25399992753622,6.46304729055257,5.72739666666665,5.2019818111468,6.24832617737734
"23135",-4.2735,150.3606,6.01735796470829,5.5035444796021,6.87147228127053,5.95601999999999,5.39890530465949,6.92931768270943,5.95601999999999,5.31583329888839,6.61129437090958
"23136",39.8063,20.6463,5.91921690399138,5.44912713857322,6.64840630715924,5.80809666666666,5.24129178861788,6.78139434937611,5.80809666666666,5.1974147317597,6.37274375342544
"23137",-6.0033,148.8871,5.83881620515942,5.3812189310807,6.50554315163009,5.76959666666666,5.35875872928176,6.68310751479289,5.76959666666666,5.12986696512769,6.42403477477476
"23138",32.8959,94.8768,5.89025282196207,5.42640930221363,6.5757185054419,5.83313666666666,5.35260553113552,6.72070247863247,5.83313666666666,5.12632823321876,6.53610135727325
"23139",-23.3265,-179.843,6.00875041535487,5.47619819323952,6.8628647319171,5.91876333333332,5.36164863799282,7.06720514792898,5.91876333333332,5.44025176917908,6.39990143090978
"23140",15.223,-61.5065,5.92809258074439,5.42677158697763,6.71974444060943,5.93216999999998,5.43713581196579,6.81973581196579,5.93216999999998,5.3838763717236,6.45343517825695
"23141",-4.8626,108.1627,6.29970110486328,5.72967140872961,7.26624784348046,6.46638999999999,5.84514850340135,7.82265851851851,6.46638999999999,5.74665879797721,7.18531155634454
"23142",13.3118,-44.8777,5.90054562748952,5.44919459908051,6.52354885427215,5.79681,5.35290803921569,6.53246062388592,5.79681,5.2928175036568,6.29433623632771
"23143",22.2432,143.7548,5.90056448255262,5.43672096280417,6.61726139438104,5.84658999999998,5.36826647058822,6.76010084812622,5.84658999999998,5.15181037361977,6.50224307460613
"23144",35.3743,133.8092,5.96424875121905,5.48166649446144,6.73091562840522,5.81905133333332,5.37514937254901,6.88940029166665,5.81905133333332,5.10885203322907,6.51653979375344
"23145",44.0505,148.1035,5.93551388234285,5.47167036259441,6.69593451385931,5.86739333333332,5.36100899817849,6.83054841354722,5.86739333333332,5.16110495824447,6.56846266475104
"23146",18.9017,-104.5714,5.96013001722679,5.49628649747835,6.66433443771578,6.03571333333333,5.52901536776213,6.89519081081081,6.03571333333333,5.42397118794085,6.64227277782608
"23147",-35.9934,-102.634,6.01175500355853,5.53541899247064,6.74094440672638,5.88230999999999,5.35304024054982,6.64058927927927,5.88230999999999,5.35658116169189,6.40292367071982
"23148",-15.3889,-174.8281,6.04850719303406,5.59090991895534,6.77769659620192,6.07704333333332,5.64013973856207,6.96460914529913,6.07704333333332,5.58730107645518,6.5473156895525
"23149",-15.4371,-174.8622,5.91288392061597,5.46153289220696,6.55462588440776,5.83540999999999,5.39150803921568,6.56134632958801,5.83540999999999,5.34565679959494,6.30567345757117
"23150",42.858,13.0528,5.95545595097861,5.49785867689988,6.66590661713731,5.99473199999999,5.55782840522875,7.06508095833333,5.99473199999999,5.38445162449891,6.55968097411321
"23151",42.9564,13.0666,5.88716066604744,5.43580963763843,6.50391764716036,5.78617666666666,5.34227470588235,6.52182729055258,5.78617666666666,5.17587322121305,6.35111112485821
"23152",-1.5056,-15.5911,5.9625903019855,5.49874678223705,6.66054847680476,5.81386666666666,5.33333553113553,6.54951729055258,5.81386666666666,5.32184286695687,6.29358190920682
"23153",1.3702,125.758,5.92753440919612,5.45744464377796,6.68170879504286,5.78916999999998,5.27816598393573,6.6767358119658,5.78916999999998,5.09537761618288,6.49488998366221
"23154",53.5855,-163.265,5.91027073391803,5.45267345983931,6.56450518904926,5.86218666666666,5.38878992753623,6.72166414414414,5.86218666666666,5.04731723640595,6.48679081219107
"23155",-33.7771,-72.5321,5.9090127073894,5.45141543331067,6.58198589952979,5.82010333333332,5.34670659420289,6.6795808108108,5.82010333333332,5.20507118395387,6.43395009018423
"23156",-4.6721,153.2156,5.97682586298804,5.5129823432396,6.68727652914674,5.90878333333333,5.4273989981785,6.82229418145956,5.90878333333333,5.2782139296157,6.57242593413575
"23157",39.3881,13.5205,6.03833479881926,5.51202882237363,6.87371037837234,5.99971666666665,5.44473674698794,6.9730143493761,5.99971666666665,5.39010341687167,6.565105833919
"23158",42.8621,13.0961,5.93452820846817,5.48317718005917,6.60125515493884,5.90614999999999,5.46924640522875,6.64181666666666,5.90614999999999,5.29586768349722,6.47110433172269
"23159",3.4466,-74.4951,5.85103936084274,5.39344208676402,6.50527381597398,5.71895999999999,5.24848127659573,6.63247084812622,5.71895999999999,5.10349529433643,6.31527371358832
"23160",-6.1039,148.6588,5.80559573747415,5.35424470906514,6.37862899889904,5.71046333333332,5.26546333333332,6.62397418145956,5.71046333333332,5.06965804421371,6.36304228505638
"23161",-35.0945,-71.0457,5.87122900189949,5.40738548215105,6.50047847435185,5.79555999999999,5.31723647058822,6.70907084812622,5.79555999999999,5.17971537525854,6.40865769037383
"23162",-8.11,104.8401,5.97249163602911,5.50864811628066,6.68918854785753,5.92619666666666,5.48119666666666,6.78567414414414,5.92619666666666,5.20668732161384,6.64504327804745
"23163",-58.1134,148.1913,5.91923309622467,5.4803745591551,6.51100509465871,5.90113999999999,5.45723803921568,6.58065282051281,5.90113999999999,5.26710235102418,6.51472318589756
"23164",-36.5776,-73.5603,5.93842760639172,5.48083033231299,6.6114007985321,6.00392666666666,5.53586383944153,6.76725999999999,6.00392666666666,5.38667459943257,6.61570409505332
"23165",-4.7403,149.8713,6.00200700210191,5.48819351699571,6.8061513533064,5.98277666666665,5.42779674698794,7.33904518518517,5.98277666666665,5.34346268570055,6.63684786040503
"23166",-50.0472,114.3817,5.97307371227362,5.52172268386461,6.50862949968019,5.87819,5.31154135135135,6.64152333333333,5.87819,5.23313315658343,6.50985051816481
"23167",-20.4275,-178.223,6.12196700642693,5.57067604730242,7.04479002535607,6.42885,5.7839782051282,7.85600053763441,6.42885,5.94058557215136,6.89990913634169
"23168",38.4973,141.5658,5.89813310605991,5.42804334064174,6.60233752654889,5.86527333333332,5.42027333333332,6.83857101604276,5.86527333333332,5.15397596663905,6.56164208431994
"23169",-24.966,178.7853,6.0628136246555,5.51776891120071,6.92942043255717,6.03305999999998,5.41181850340134,7.3893285185185,6.03305999999998,5.37741236981871,6.67822181394311
"23170",6.1142,-82.5906,5.91953164556689,5.4744268628276,6.41760995895515,5.83911666666665,5.4025288954635,6.54980135135134,5.83911666666665,5.22217927693722,6.43400595976983
"23171",-42.7358,173.0499,5.89323244713218,5.44188141872317,6.5099894282451,5.83877666666666,5.36537992753623,6.79158731755424,5.83877666666666,5.19150368667598,6.48492051404109
"23172",-42.4063,173.6606,5.60274288761283,5.38874919465314,5.83223263720318,5.60041333333331,5.32289996434936,5.9427325573192,5.60041333333331,4.95304243892845,6.24646129837477
"23173",-42.2132,173.4319,5.60274288761283,5.38874919465314,5.83223263720318,5.60041333333331,5.32289996434936,5.9427325573192,5.60041333333331,4.95305217768723,6.24647340266903
"23174",-42.3205,173.6694,5.86239139593702,5.42353285886745,6.42917841169218,5.80352666666667,5.35962470588235,6.52946299625468,5.80352666666667,5.15614677721571,6.44956645488122
"23175",-42.0511,174.3037,5.60235138428688,5.38835769132719,5.83184113387723,5.60041333333331,5.32289996434936,5.9427325573192,5.60041333333331,4.95292826997808,6.24634919983764
"23176",-41.6877,174.2061,5.59661308918379,5.3826193962241,5.82610283877414,5.58629999999998,5.35023229166665,5.92861922398587,5.58629999999998,4.93878825911882,6.23221316448804
"23177",-42.1762,173.6227,5.89326665015608,5.44191562174707,6.510023631269,5.85679,5.38339326086956,6.80960065088757,5.85679,5.20940236870063,6.50282357702418
"23178",-42.3093,173.6961,5.84287975527201,5.39152872686301,6.44714424504549,5.76215,5.3342472972973,6.83249895833334,5.76215,5.11476587944243,6.40818561231051
"23179",-28.8598,-67.4611,5.79443094163593,5.32434117621777,6.31749423770307,5.76145666666666,5.29815769759449,6.61182598484848,5.76145666666666,5.14296629745322,6.35394314397025
"23180",-42.3743,173.9374,5.86338623462048,5.42452769755091,6.43641949604537,5.80120333333333,5.35730137254902,6.53685395721925,5.80120333333333,5.15379669781941,6.44721529584488
"23181",-42.6058,173.2543,5.86373737989877,5.4248788428292,6.4492631326631,5.85037,5.41378222879684,6.58603666666667,5.85037,5.20306347899896,6.49648118801264
"23182",51.0735,178.8402,5.82477018740644,5.36717291332771,6.4227884315102,5.79769666666665,5.35239842105261,6.65539127744509,5.79769666666665,5.21967153580529,6.3720166425382
"23183",-42.3335,173.9064,5.85695165638657,5.41184687364728,6.47370863749949,5.86978333333333,5.43287973856209,6.8225939842209,5.86978333333333,5.22237638784288,6.51579544508296
"23184",-41.7598,174.2992,5.89915151748161,5.4478004890726,6.54713972694313,5.84169666666666,5.39779470588234,6.69206598484847,5.84169666666666,5.19418016498455,6.48760407347088
"23185",-41.7875,174.3064,5.96067376211719,5.49683024236874,6.62740070858785,5.8165,5.3715,6.57275654450262,5.8165,5.16898559620195,6.46240919803372
"23186",-20.2391,-173.0161,5.88849276030792,5.43714173189891,6.53023472409971,5.83681999999999,5.39291803921568,6.57247062388591,5.83681999999999,5.34898603680266,6.30821734208468
"23187",-9.0027,113.2445,5.8150608141029,5.35746354002417,6.41307905820666,5.73203666666665,5.26873769759449,6.7053343493761,5.73203666666665,5.03205142287454,6.42879722324234
"23188",-6.2582,130.4786,5.8852220117467,5.41513224632854,6.57068769522653,5.78102666666666,5.28599247863247,6.82537694915254,5.78102666666666,5.09435917092641,6.44489771401861
"23189",-28.1398,-177.0201,5.8424747724405,5.39736998970121,6.42800052520482,5.72845666666666,5.28455470588235,6.39507313253011,5.72845666666666,5.24813545744606,6.20811569596525
"23190",-31.6259,-68.6363,5.90527762936907,5.4351878639509,6.5907433128489,5.84349999999998,5.32368621973928,6.75701084812622,5.84349999999998,5.2260704031665,6.45473782755113
"23191",-53.7502,140.5246,5.96647729441389,5.49014128332601,6.58948052119653,5.85716333333333,5.34615931726907,6.61544261261261,5.85716333333333,5.22153825783498,6.48633201026519
"23192",37.3931,141.387,5.94913999410382,5.47905022868566,6.62211318624421,5.76771333333333,5.29431659420289,6.5259926126126,5.76771333333333,5.10826432895766,6.41049659072986
"23193",-40.602,177.0387,5.86651704853828,5.42765851146871,6.42705781862373,5.87499000000001,5.43808640522877,6.63326927927929,5.87499000000001,5.22683236068301,6.5202604482922
"23194",-42.9298,173.0041,5.89674117051207,5.4578826334425,6.46977443193695,5.94055666666667,5.50365307189543,6.69883594594595,5.94055666666667,5.29330430533266,6.58671941063177
"23195",27.1773,140.025,6.02425850214312,5.49795252569749,6.86588032736592,6.09378333333332,5.58708536776211,7.45005185185184,6.09378333333332,5.39666094669553,6.79332853157989
"23196",37.2143,141.3209,6.02586074069955,5.5620172209511,6.74255765252797,6.06833666666666,5.59493992753623,7.04900498349835,6.06833666666666,5.40815421420896,6.71038128472983
"23197",11.9065,-88.8957,5.96843136999161,5.5170803415826,6.65389705347144,5.92345,5.47954803921569,6.90411831683168,5.92345,5.30532213276963,6.5171981671993
"23198",55.2049,164.7541,5.60660744400599,5.3926137510463,5.84234343926605,5.57451666666666,5.34919730538921,5.91683589065255,5.57451666666666,4.92408932461397,6.20115408914916
"23199",54.4632,160.5536,5.69328205237031,5.4730421137409,5.9352642933001,5.70798666666667,5.48266730538923,5.98960924162258,5.70798666666667,4.99719534693589,6.35353215006741
"23200",39.2732,73.9776,6.03885538327361,5.58125810919488,6.73681355809288,6.00772333333333,5.56382137254901,6.89528914529914,6.00772333333333,5.28561611240386,6.72569140890808
"23201",43.3828,-127.0346,5.95654199215739,5.49269847240894,6.62326893862806,5.98996333333333,5.54496333333333,6.95311841354723,5.98996333333333,5.2850763401171,6.66668364945035
"23202",-41.8291,88.4676,5.96658798351929,5.51523695511028,6.50214377092586,5.88763666666667,5.38548097804392,6.62328729055259,5.88763666666667,5.15273751239661,6.58373122026853
"23203",-6.9865,131.8204,5.98562870138593,5.52178518163748,6.67734063053547,6.01556999999999,5.53395919925511,6.72625468468468,6.01556999999999,5.37112427505323,6.67318838585884
"23204",-35.2021,54.0219,5.81377229506639,5.37491375799682,6.30560436278493,5.71835999999999,5.28145640522875,6.46274383838383,5.71835999999999,5.15821175407748,6.20469991381094
"23205",-15.3122,-70.827,5.88907312574396,5.44396834300468,6.50583010685688,5.92463666666668,5.4292600188324,6.87744731755425,5.92463666666668,5.27570954333924,6.5426746368612
"23206",52.2532,174.1698,5.96605309428615,5.50220957453771,6.67650376044485,6.02764666666666,5.53227001883239,7.07199694915254,6.02764666666666,5.37768947014618,6.65493122249598
"23207",-22.6371,-176.3381,5.90494996677546,5.39738272733898,6.57167691324612,5.93847999999999,5.38350008032127,6.70719951219511,5.93847999999999,5.45300661125389,6.41218888627303
"23208",4.5051,127.8342,5.96091392845706,5.47208542602974,6.70884206863408,5.89831666666665,5.37850288640595,6.8716143493761,5.89831666666665,5.19848574938151,6.59626833551661
"23209",-7.3158,123.3802,6.0387827595603,5.49998429177523,6.87415833911338,6.06878999999999,5.48569476190475,7.04208768270944,6.06878999999999,5.37035839346182,6.76730947190471
"23210",11.0316,-60.9005,5.94218918546409,5.4658531743762,6.67137858863194,5.88933333333334,5.44433333333334,6.87000165016502,5.88933333333334,5.29362318176378,6.43499162694631
"23211",5.2834,96.1678,5.90469081815278,5.45333978974377,6.52769404493542,5.93701000000001,5.44197581196582,6.91767831683169,5.93701000000001,5.21765819380257,6.66607414646217
"23212",43.8229,86.3451,5.92960980698192,5.47201253290319,6.58384426211315,5.89651333333334,5.4231165942029,6.74688265151515,5.89651333333334,5.18137470623466,6.60462393611988
"23213",40.4535,-126.1936,5.8904619139602,5.45160337689063,6.48223391239425,5.86754666666667,5.43964396396397,6.60321333333334,5.86754666666667,5.19219032905064,6.49573663735876
"23214",-10.6787,161.3214,5.95190783328818,5.48806431353973,6.68109723645604,6.08535,5.61007677595628,7.12970028248588,6.08535,5.44476089562217,6.73839941415376
"23215",-10.2234,161.0792,5.61374272199899,5.3997490290393,5.84947871725906,5.60335666666666,5.39962071161048,5.89863736842104,5.60335666666666,4.9624944632767,6.25610838700401
"23216",-10.8691,161.2302,5.59665191799419,5.3826582250345,5.83238791325426,5.56471666666665,5.37761822107079,5.82783773584904,5.56471666666665,4.9242626939656,6.21790590593932
"23217",-10.8416,161.3137,6.02980297944266,5.5597132140245,6.76523862828024,6.12556333333334,5.6886597385621,7.10623165016502,6.12556333333334,5.48520093423735,6.7788460888292
"23218",-10.749,161.1316,5.93026727243001,5.47266999835128,6.59699421890067,5.82772,5.39081640522876,6.67808931818182,5.82772,5.18711399098152,6.48074938646845
"23219",-11.0704,161.4548,5.62258434086605,5.40234440223664,5.85832033612612,5.64916333333333,5.42732999999999,5.99148255731922,5.64916333333333,5.00928539732949,6.30294609134568
"23220",-10.9719,161.3099,5.61084099140903,5.39060105277962,5.8465769866691,5.62883333333332,5.36002641165755,5.97115255731922,5.62883333333332,4.98860845247337,6.28225913757874
"23221",-10.9552,161.3591,6.01371901839844,5.54362925298027,6.71792343888742,5.98806333333333,5.55115973856209,6.96873165016502,5.98806333333333,5.34789972113854,6.64155152871391
"23222",-10.3938,161.329,5.87881281928734,5.4149692995389,6.51430853740942,5.76133999999999,5.32443640522875,6.73463768270944,5.76133999999999,5.12062532194752,6.4142528332984
"23223",-10.3301,161.3501,5.90167676442722,5.43783324467877,6.58714244790704,5.78560999999999,5.26900080459769,6.82996028248587,5.78560999999999,5.14495824699572,6.43858408644599
"23224",-10.8829,161.2789,6.00178583847691,5.54418856439818,6.68725152195674,5.9674,5.40075135135135,6.95485989304813,5.9674,5.32702589284458,6.62067146575961
"23225",-5.6593,154.4734,5.97776521180681,5.47644421804005,6.76941707167186,5.86665666666665,5.34684288640595,6.8399543493761,5.86665666666665,5.22877998550991,6.52271276351086
"23226",-9.1237,-109.8492,5.85039044062379,5.41153190355422,6.4296699477184,5.82864666666668,5.39174307189544,6.56431333333334,5.82864666666668,5.28082071604327,6.3520635432252
"23227",-10.964,161.5723,5.95720147716515,5.51209669442586,6.61143593229638,6.08265666666667,5.64575307189543,6.89540941391942,6.08265666666667,5.44286014937962,6.73652021613591
"23228",21.2897,144.4037,5.89014211432467,5.43254484024595,6.5756077978045,5.85808999999999,5.36305581196581,6.71578461077844,5.85808999999999,5.20584804841747,6.50827970091851
"23229",21.3697,144.2175,5.97651124201946,5.51266772227101,6.68071566250844,5.99560333333333,5.55869973856209,6.97627165016501,5.99560333333333,5.29735096829912,6.6939897638742
"23230",14.0882,-90.8691,5.80480411561274,5.34720684153401,6.42156109672566,5.72197333333333,5.22693914529914,6.7663236158192,5.72197333333333,5.10038730760003,6.34257467013686
"23231",-4.5049,153.5216,5.84337898011903,5.37953546037059,6.47262845257139,5.73120333333333,5.23616914529914,6.64471418145956,5.73120333333333,5.09965497291336,6.39372898355445
"23232",-4.4244,153.5419,5.61655706221059,5.4025633692509,5.85229305747065,5.62739666666664,5.4020773053892,5.92267736842103,5.62739666666664,4.99537179258072,6.28944504845604
"23233",-5.6497,153.9975,5.83749434178665,5.38614331337765,6.45425132289957,5.75117,5.31426640522875,6.7143250802139,5.75117,5.11380582947691,6.4081018044939
"23234",-10.2137,161.2177,5.84418780260765,5.38659052852892,6.46094478372057,5.74766,5.30375803921568,6.66117084812623,5.74766,5.10690390396339,6.40052153133626
"23235",-34.9886,-107.8694,5.78646099144097,5.3476024543714,6.27829305915951,5.79783333333333,5.35393137254901,6.53348395721925,5.79783333333333,5.28256045243735,6.30300666032951
"23236",-6.3046,154.353,5.81901380849686,5.38015527142729,6.39829331559146,5.81848666666667,5.37458470588235,6.55413729055259,5.81848666666667,5.17925368594887,6.47315612030008
"23237",8.3489,137.6672,5.9539092060894,5.49006568634096,6.65811362657838,6.06959666666667,5.57422001883239,7.05026498349835,6.06959666666667,5.41830238848503,6.7206630570522
"23238",-10.1904,161.2187,5.61681714849753,5.40282345553784,5.85255314375759,5.63077999999998,5.39581267973854,5.92303925925924,5.63077999999998,4.99002338862084,6.28364019635587
"23239",-9.964,-70.9714,6.30776839343124,5.72524620595813,7.27431513204841,6.43960999999998,5.81836850340134,7.7958785185185,6.43960999999998,5.80246509470244,7.06905235576647
"23240",-10.1773,161.2236,5.89316030222931,5.43556302815059,6.54739475736055,5.87333,5.40526717277487,6.85399831683169,5.87333,5.23257673893613,6.5261932136915
"23241",37.1442,84.9583,5.90163880699396,5.45653402425467,6.50590329676744,5.85191666666667,5.40801470588236,6.59630050505051,5.85191666666667,5.13698376606111,6.56059832470516
"23242",-10.1785,160.9149,5.87655401670425,5.43769547963468,6.46207976946857,5.83426333333334,5.39036137254903,6.56991395721926,5.83426333333334,5.19326805640805,6.48687559446341
"23243",-10.1549,160.7816,5.85313066263247,5.40802587989318,6.35745522169045,5.78091333333333,5.34432556213018,6.51658,5.78091333333333,5.13980843487965,6.43341128429289
"23244",-7.5082,127.9206,6.01414076033997,5.48783478389434,6.84951633989305,5.98659666666664,5.35060829457362,7.03094694915252,5.98659666666664,5.29498701142998,6.64549940862749
"23245",21.5036,145.4172,5.95558218734735,5.47299993058975,6.67227909917577,5.82595,5.35255326086956,6.58422927927927,5.82595,5.17785970664445,6.47366382415562
"23246",-5.2453,153.5754,5.99517323391381,5.51259097715621,6.77433260243942,5.96507333333333,5.44072809523809,7.0094236158192,5.96507333333333,5.32962010587814,6.6238353421259
"23247",-5.146,153.5166,5.93158791270794,5.46149814728977,6.69200854422439,5.96039666666666,5.43605142857142,7.00474694915254,5.96039666666666,5.32548716725805,6.61970183427329
"23248",-43.4029,-73.9395,5.99722464571641,5.53338112596796,6.72016780321455,5.96462333333333,5.57499673952641,6.85218914529914,5.96462333333333,5.34548233629234,6.57465298533027
"23249",-43.481,-74.4771,5.62413488617658,5.41014119321689,5.85987088143665,5.61350999999999,5.4178539716312,5.89088745098038,5.61350999999999,4.99430145321993,6.22350641960181
"23250",45.7192,26.523,5.83574030752242,5.36565054210426,6.45249728863534,5.72078333333332,5.22574914529913,6.63429418145955,5.72078333333332,5.10718447180357,6.32809059845727
"23251",38.3754,-118.8977,5.96570076330565,5.51434973489665,6.54498027040026,5.90704733333333,5.42566299817851,6.61773201801802,5.90704733333333,5.22697865484851,6.53010424487716
"23252",38.3917,-118.8941,5.97186799066885,5.51427071659012,6.56363998910289,5.90225066666667,5.42086633151184,6.65850721116929,5.90225066666667,5.22217903168716,6.52530618600126
"23253",38.3777,-118.8957,5.96878106328474,5.51743003487573,6.5355680790399,6.01196866666665,5.53058433151183,6.96477931755423,6.01196866666665,5.33189782263658,6.63502354804689
"23254",36.9179,140.4262,5.93548575744719,5.4903809747079,6.53975024722067,5.91025333333334,5.46635137254903,6.64590395721926,5.91025333333334,5.20362573976577,6.55679956850575
"23255",-9.0283,118.6639,5.83853544273113,5.37469192298268,6.46778491518349,5.76678666666666,5.28540233151183,6.81113694915253,5.76678666666666,5.06875626822899,6.465554799489
"23256",37.3973,141.4103,5.60698231052521,5.39298861756552,5.84271830578528,5.60802333333333,5.33883285714285,5.95034255731922,5.60802333333333,4.94851967524826,6.25075260617945
